Name,Company,Company ID,Offer URL,Region,Categories,Opening Date,Closing Date,Stage,Rolling,Needs CV,Needs Cover Letter,Company Description,Notes
Credit Research Intern - 6 month Off-Cycle Internship,TP ICAP,tp-icap,https://tp.wd107.myworkdayjobs.com/en-US/TP-ICAP/job/Credit-Research-Intern---6-month-Off-Cycle-Internship--Paris-based_R5519?utm_source=Trackr&utm_medium=tracker&utm_campaign=FR_Finance_2027&source=Trackr,France,Unspecified Start,2026-06-26,,Unknown,False,True,False,"TP ICAP is a UK-based interdealer broker and market infrastructure provider, facilitating trading in financial, energy, and commodities markets. Headquartered in London, it operates through platforms such as Tullett Prebon, ICAP, and Liquidnet, connecting banks, asset managers, and institutions across OTC and exchange-traded products. TP ICAP offers voice and electronic execution, data and analytics, and post-trade services. The firm plays a central role in global market liquidity, particularly in fixed income and derivatives, and continues to invest in electronic platforms and data solutions.",
"Off-Cycle Internship, Primary Capital Advisory (Private Equity Fundraising)",Houlihan Lokey,houlihan-lokey,https://hl.wd1.myworkdayjobs.com/en-US/Campus/job/Off-Cycle-Internship---Primary-Capital-Advisory--Private-Equity-Fundraising----September-2026_R3412?utm_source=Trackr&utm_medium=tracker&utm_campaign=France_Finance_2027&source=Trackr,France,2026 Q3 Start,2026-07-10,,Unknown,False,True,False,"Houlihan Lokey is a global investment bank headquartered in Los Angeles, specialising in M&A advisory, capital markets, financial restructuring, and valuation services. The firm is widely recognised for its leading role in middle-market transactions and has consistently ranked as the top global M&A advisor by volume. In restructuring, Houlihan Lokey is a dominant player, often advising both creditors and debtors on high-profile bankruptcies and distressed situations. It also has one of the largest dedicated financial valuation teams globally, supporting litigation, tax, and financial reporting mandates. With offices across North America, Europe, the Middle East, and Asia-Pacific, the firm serves public and private companies, financial sponsors, and government entities. Houlihan Lokey’s sector coverage spans consumer, healthcare, tech, energy, and industrials, and it is particularly known for its rigorous analytics, high-touch advisory model, and long-term client relationships.",
Investor Relations Analyst Intern,blisce/,blisce,https://www.linkedin.com/jobs/view/4440936879/?utm_source=Trackr&utm_medium=tracker&utm_campaign=France_Finance_2027,France,2026 Q3 Start,2026-07-15,,Unknown,False,True,False,"blisce/ is a growth-stage venture capital firm that focuses on investing in consumer-facing technology companies with a positive social or environmental impact. Founded in 2013 and based in Paris and New York, the firm provides capital and operational guidance to businesses across the United States and Europe. It prioritizes long-term partnerships with founders who aim to scale brands while maintaining a focus on transparency and ethical growth. The firm is known for its involvement in well-known consumer brands and its commitment to digital innovation.",
Stage Analyste en Capital Investissement,IDIA Capital Investment,idia-capital-investment,https://www.linkedin.com/jobs/view/4425599269/?utm_source=Trackr&utm_medium=tracker&utm_campaign=FR_Finance_2027,France,2026 Q3 Start,2026-06-09,,Unknown,False,True,False,"IDIA Capital Investment is an investment firm focused on supporting the growth and development of companies through minority equity stakes. Founded as an initiative of the IDIA group, the firm targets established businesses that require capital for expansion, international development, or corporate restructuring. It operates with a focus on long term value creation and provides strategic support to management teams rather than seeking majority control. The firm primarily invests in mid market companies across various sectors, leveraging its industry network to foster industrial partnerships and sustainable growth.",
Technology M&A Analyst (Internship),Clipperton,clipperton,https://apply.workable.com/clipperton/j/E398F06FC2/?utm_source=Trackr&utm_medium=tracker&utm_campaign=France_Finance_2027,France,2027 Q1 Start,2026-06-30,,Unknown,False,True,True,"Clipperton is a boutique investment bank and advisory firm that specializes in providing financial services to high growth technology companies and entrepreneurs. Founded in 2003 and based in Paris, the firm focuses on mergers and acquisitions, private placements, and corporate finance strategy. Clipperton is known for its deep expertise in the European tech ecosystem and its ability to guide companies through complex funding rounds and exit processes. It serves a diverse client base ranging from venture backed startups to established digital enterprises across various sectors including software, e-commerce, and fintech.",
Stage - Various Divisions,HSBC,hsbc,https://portal.careers.hsbc.com/careers?query=Stage&location=Paris%2C+%C3%8Ele+%5C-de+%5C-France%2C+France&seniority=Entry&pid=563774610664041&domain=hsbc.com&sort_by=relevance&utm_source=Trackr&utm_medium=tracker&utm_campaign=FR_Finance_2027,France,2026 Q3 Start,2026-06-22,2026-07-31,Unknown,False,True,False,"HSBC is one of the world’s largest banking and financial services organisations, with operations in more than 60 countries and territories and headquarters in London. Founded in 1865 in Hong Kong and Shanghai, the bank provides services across retail banking, commercial banking, global banking and markets, and wealth management. HSBC is a major player in trade finance, emerging market banking, and cross-border financial services, with a strong focus on Asia, where it generates a large share of its revenue. The bank serves a diverse client base ranging from individuals and SMEs to multinational corporations and sovereign institutions. HSBC has committed to aligning its lending and investment portfolios with net-zero goals by 2050 and is actively involved in sustainable finance, digital banking, and financial inclusion. It continues to restructure its global footprint to focus on growth in Asia while streamlining less profitable operations elsewhere.",
2027 Banking Off-Cycle Internship Program,J.P. Morgan,j-p-morgan,https://jpmc.fa.oraclecloud.com/hcmUI/CandidateExperience/en/sites/CX_1001/jobs?keyword=2027+off-cycle+internship&location=France&locationId=300000000289270&locationLevel=country&mode=location&utm_source=Trackr&utm_medium=tracker&utm_campaign=FR_Finance_2027&iis=Trackr&sType=Trackr,France,"2027 Q1 Start,2027 Q3 Start",2026-05-01,2026-11-06,Unknown,False,True,False,"J.P. Morgan is the investment banking and wealth management arm of JPMorgan Chase & Co., one of the largest and most influential financial institutions globally. Headquartered in New York, the firm offers services across investment banking, commercial banking, asset and wealth management, and treasury and securities services. It is a market leader in M&A advisory, capital markets, trading, and research, serving corporate clients, financial sponsors, and governments worldwide. J.P. Morgan has a long history of innovation in financial services and is known for its global reach, balance sheet strength, and ability to execute complex, cross-border transactions. The firm plays a central role in capital allocation across public and private markets and continues to invest heavily in technology, digital banking, and sustainability initiatives. With a strong presence in London and across EMEA, it is a key player in European finance as well as global capital markets.",
Analyst Business Development - 6-month Internship,Partners Group,partners-group,https://jobs.partnersgroup.com/job/Paris-Analyst-Business-Development-6-month-internship-%28Paris%29/1408850133/?utm_source=Trackr&utm_medium=tracker&utm_campaign=FR_Finance_2027,France,Unspecified Start,2026-06-26,,Unknown,False,True,False,"Partners Group is a Swiss-based private markets investment manager with global reach, managing capital across private equity, private debt, real estate, and infrastructure. The firm serves institutional investors, sovereign wealth funds, and family offices, offering both direct and fund-of-fund strategies. Known for its global platform and thematic investment approach, Partners Group identifies long-term trends—such as digitisation, decarbonisation, and demographic shifts—and invests in businesses that are positioned to benefit. The firm has a strong operational focus and often partners with portfolio companies to support scaling, sustainability, and value creation initiatives. It is headquartered in Zug, Switzerland, with offices across Europe, the Americas, and Asia-Pacific.",
Intern Infrastructure Private Debt - Investment team,Allianz Global Investors,allianz-global-investors,https://careers.allianz.com/global/en/job/94173/Intern-Infrastructure-Private-Debt-Investment-team-f-m-d?utm_source=Trackr&utm_medium=tracker&utm_campaign=FR_Finance_2027,France,2026 Q3 Start,2026-06-19,2026-06-30,Unknown,False,True,False,"Allianz Global Investors is a global investment management firm with a diverse range of active investment strategies. It offers expertise across equities, fixed income, multi-asset, and alternative investments. With a presence in numerous countries, the firm serves institutional and retail clients worldwide. Allianz Global Investors aims to deliver long-term investment outcomes by leveraging its research capabilities and risk management expertise. It is a part of the Allianz Group, a leading financial services provider.
",
Various Internships,Crédit Agricole,credit-agricole,https://jobs.ca-cib.com/job/list-of-jobs.aspx?utm_source=Trackr&utm_medium=tracker&utm_campaign=FR_Finance_2027,France,Unspecified Start,2026-05-25,,Unknown,False,True,False,"Crédit Agricole is one of the largest banking groups in Europe and a major player in retail, corporate, and investment banking. Headquartered in France, the group includes a network of regional cooperative banks as well as specialised subsidiaries offering services in asset management, insurance, leasing, and private banking. Crédit Agricole is a leader in green finance and responsible investing, and it supports clients across Europe and internationally with a strong presence in agriculture, infrastructure, and export financing.",
2026 - Internship,Tikehau Capital,tikehau-capital,"https://tikehau-capital-career.talentview.io/en?utm_source=Trackr&utm_medium=tracker&utm_campaign=EU_Finance_2027&distance=50&keywords=internship&lat=48.8575475&lon=2.3513765&city=Paris&iso_country=FR&place=Paris,+France",France,2026 Q3 Start,2026-06-02,2026-06-13,Unknown,False,True,False,"Tikehau Capital is a Paris-based alternative asset manager investing across private debt, real estate, private equity, and capital markets strategies. The firm manages over €40 billion in assets and is known for backing entrepreneurs and businesses across Europe with flexible, long-term capital. Tikehau blends institutional-grade investment with a strong entrepreneurial culture and takes an active approach to value creation across its portfolio. With offices in key financial centres and a growing international presence, the firm is also focused on responsible investment and integrating ESG principles into its strategy.",
Investment Banking Internship - July Start,GP Bullhound,gp-bullhound,https://gpbullhound.recruitee.com/o/investment-banking-internship-paris-junejuly-start,France,2026 Q3 Start,2026-05-19,,Unknown,False,True,False,"GP Bullhound is an international technology investment bank and asset management firm specialising in growth-stage companies across software, digital media, marketplaces, and fintech. Founded in 1999 and headquartered in London, the firm provides M&A advisory, capital raising, and private investments through its growth equity funds. GP Bullhound operates in major tech hubs including San Francisco, Berlin, Stockholm, and Paris, and is known for its focus on high-growth entrepreneurs and founder-led businesses. Its investment banking arm has advised on some of Europe’s most notable tech transactions, while its asset management division backs fast-scaling companies through Series B and beyond. The firm also publishes highly regarded research on the global technology landscape and is active in hosting thought leadership events. GP Bullhound sits at the intersection of finance and innovation, helping European and US tech firms scale, internationalise, and access capital markets.",
Various Internships,AXA,axa,"https://careers.axa.com/careers-home/jobs?tags2=Internship%20%2F%20Placement%20%2F%20Working%20student&page=1&limit=100&location=Paris,%20France&woe=7&regionCode=FR&stretchUnit=MILES&stretch=10",France,Unspecified Start,2026-04-17,,Unknown,False,True,False,"AXA is a global insurance and asset management company headquartered in Paris, offering services in life, health, property, and casualty insurance, as well as wealth and investment products. With roots going back to the early 19th century, AXA operates in more than 50 countries and serves tens of millions of clients worldwide. The company has grown through acquisitions and organic expansion, with a focus on risk mitigation and financial protection across individuals and businesses. AXA is also active in climate resilience, health innovation, and digital insurance.",
Quantitative Researcher - Intern,Point72,point72,https://job-boards.greenhouse.io/point72/jobs/7297657002?gh_jid=7297657002&utm_source=Trackr&utm_medium=tracker&utm_campaign=FR_Finance_2027&gh_src=Trackr,France,Unspecified Start,2026-04-01,,Unknown,False,True,False,"Point72 is a global asset management firm founded by Steven A. Cohen in 2014, following the transition from SAC Capital. Headquartered in Stamford, Connecticut, the firm manages capital across multiple strategies including long/short equity, macro, systematic, and private investments. Its discretionary investing teams operate with autonomy within a multi-manager platform, while its Cubist division focuses on quantitative and algorithmic trading. Point72 also runs a venture capital arm, Point72 Ventures, investing in fintech, healthcare, and enterprise technology. With offices in major financial centres including New York, London, Tokyo, and Singapore, the firm is known for its strong emphasis on data, technology, and talent development, particularly through its structured analyst training programs like the Point72 Academy.",
Off-cycle M&A 6-month Internship,Greenhill,greenhill,https://www.sainoo.com/jobs/10608,France,2026 Q3 Start,2026-06-02,2026-06-30,Unknown,False,True,False,"Greenhill is an independent investment bank focused on M&A, restructuring, and capital advisory services for corporations, financial sponsors, and governments. Founded in 1996 and headquartered in New York, the firm operates globally with offices in North America, Europe, Asia, and Latin America. Greenhill is known for its conflict-free model, avoiding lending or trading activities to offer clients fully independent strategic advice. It has advised on a wide range of high-profile transactions across sectors including financial services, healthcare, infrastructure, and consumer goods. The firm also maintains a strong presence in restructuring advisory, including both creditor and debtor-side mandates. Greenhill’s lean structure and senior-led execution model appeal to clients seeking discretion and deep expertise. In 2023, it was acquired by Mizuho Financial Group, enabling it to maintain independence while gaining greater access to global capital markets.",
Real Estate 6-Month Summer Intern,Nuveen,nuveen,https://tiaa.wd1.myworkdayjobs.com/en-US/Search/job/Nuveen-Real-Estate-Summer-Intern---Based-in-Paris_R260200576-1?utm_source=Trackr&utm_medium=tracker&utm_campaign=France_Finance_2027&source=Trackr,France,2026 Q3 Start,2026-06-29,2026-07-02,Unknown,False,True,False,"Nuveen is a global asset manager and the investment arm of TIAA, managing public and private market strategies for institutional and individual investors. Based in the US, the firm offers investment products across fixed income, equities, real assets, and alternatives. Nuveen is a major player in sectors like infrastructure, farmland, and municipal bonds, and is known for incorporating ESG considerations across its portfolios. The firm serves pension funds, insurers, and financial intermediaries, with a focus on building resilient portfolios through a mix of liquid and illiquid strategies.",
2027 Investment Banking Off Cycle Internship Programme,Jefferies,jefferies,https://jefferies.tal.net/vx/lang-en-GB/mobile-0/appcentre-ext/brand-4/user-415213/xf-5ac368c85a0a/candidate/jobboard/vacancy/2/adv/?utm_source=Trackr&utm_medium=tracker&utm_campaign=FR_Finance_2027&f_Item_Opportunity_60426_lk=523754&f_Item_Opportunity_84825_lk=765&ftq=paris,France,2027 Q1 Start,2026-06-03,,Unknown,False,True,False,"Jefferies is a global investment banking and capital markets firm headquartered in New York, offering services in M&A advisory, equity and debt underwriting, research, and trading. The firm is known for its focus on the mid to upper mid-market, serving corporate clients, financial sponsors, and institutional investors across a wide range of industries. Jefferies operates with a full-service model that includes strong sector coverage, global distribution, and a growing footprint in Europe and Asia. It is particularly active in healthcare, industrials, TMT, and consumer, and is regarded as one of the top independent investment banks outside the bulge bracket. Jefferies has also expanded into asset and wealth management, and its flexible, entrepreneurial culture allows it to move quickly in competitive deal environments. With a reputation for high-touch client service and deal execution, it remains a go-to firm for high-growth companies and active sponsors.",
M&A Analyst - Intern,Everfield,everfield,https://jobs.ashbyhq.com/everfield/055053df-af6f-4726-b511-fc54a0045596?utm_source=Trackr&utm_medium=tracker&utm_campaign=FR_Finance_2027,France,Unspecified Start,2026-06-24,,Unknown,False,True,False,"Everfield is a European software investment firm focused on acquiring and growing vertical market software (VMS) businesses. With a long-term, buy-and-build strategy, Everfield partners with founders and management teams to support sustainable growth through operational improvements and strategic M&A. The firm operates across several European countries and emphasizes decentralized decision-making, customer-centric development, and long-term value creation. Everfield aims to build a network of enduring software businesses serving specialized industry needs.",
Private Equity - Internship,BlackFin Capital Partners,blackfin-capital-partners,https://www.sainoo.com/jobs?experiences%5B%5D=Internship&search_text=blackfin&location%5B%5D=Paris,France,2026 Q3 Start,2026-06-02,,Unknown,False,True,False,"BlackFin Capital Partners is a European private equity and venture capital firm focused exclusively on financial services and fintech. Headquartered in Paris, with offices in Frankfurt and Brussels, the firm invests in both mature financial businesses and high-growth tech startups. BlackFin operates across banking, insurance, asset management, payments, and regulatory tech, often supporting digital transformation or consolidation strategies. It is known for its deep sector knowledge and active ownership model.",
Private Equity Internship - September 2026,Ciclad,ciclad,https://www.sainoo.com/jobs/10610,France,2026 Q3 Start,2026-06-02,2026-06-30,Unknown,False,True,False,"Ciclad is an independent French private equity firm that focuses on supporting small and mid-sized companies through growth and buyout transactions. Founded in 1988 and based in Paris, the firm specializes in partnering with management teams to facilitate business development, professionalization, and international expansion. Ciclad is recognized for its long-term investment approach and its ability to provide flexible capital solutions tailored to the specific needs of entrepreneurs. It maintains a strong emphasis on operational improvement and strategic transformation to drive sustainable value creation across a diverse portfolio of sectors.",
2027 Private Equity Intern,KKR,kkr,https://www.kkr.com/careers/student-careers/student-career-opportunities/post?gh_jid=6109396004&utm_source=Trackr&utm_medium=tracker&utm_campaign=France_Finance_2027&gh_src=Trackr,France,2027 Q1 Start,2026-07-06,,Unknown,False,True,False,"KKR (Kohlberg Kravis Roberts & Co.) is a global investment firm headquartered in New York, known for its leadership in private equity and expansion into asset classes including credit, real estate, infrastructure, and insurance. Founded in 1976, KKR manages over $500 billion in assets and serves institutional investors, family offices, and sovereign wealth funds. The firm pioneered the leveraged buyout model and remains highly active in buyouts, growth equity, and platform investments across sectors and geographies. KKR also invests heavily in impact strategies and ESG-aligned portfolios, while its credit division is one of the largest non-bank lenders globally. With a global footprint and a strong operator-focused investment approach, KKR combines capital, operational expertise, and strategic partnerships to drive long-term value creation across public and private markets.",
Strategy Consultant Intern (End-of-studies),Advancy,advancy,https://advancy.recruitee.com/o/paris-strategy-consultant-intern-end-of-studies-hf,France,2026 Q3 Start,2026-05-25,,Unknown,False,True,False,"Advancy is a global strategy consulting firm that advises top management on issues of strategy, organization, and operations. It focuses on a select number of industries, including consumer goods, retail, industrial goods, and healthcare. Founded in 1999, the firm has a presence in Europe, North America, and Asia. Advancy is known for its pragmatic approach, industry expertise, and ability to deliver measurable results.
",
Valuation Intern | 6 Months,PAI Partners,pai-partners,https://careers.paipartners.com/o/valuation-intern-paris-6-months-starting-june-2026?utm_source=Trackr&utm_medium=tracker&utm_campaign=FR_Finance_2027,France,2026 Q2 Start,2026-03-01,2026-06-08,Unknown,False,True,False,"PAI Partners is a Paris-based private equity firm investing in European mid- to large-cap companies across sectors such as consumer goods, healthcare, business services, and food. With origins dating back to Paribas in the 19th century, the firm now operates independently and manages several billion euros in assets across multiple funds. PAI takes a hands-on approach to operational improvement, working closely with portfolio companies on scaling, international expansion, and organisational change. The firm is also increasingly active in sustainability and digital transformation initiatives within its holdings, and maintains offices across Europe and the US.",
Private Equity Internship - September 2027,Astorg,astorg,https://astorg.pinpointhq.com/en/postings/88cc66ba-60b7-4cd9-8d3e-51450eb28201,France,2027 Q1 Start,2026-06-01,,Unknown,False,True,False,"Astorg is a European private equity firm focused on backing founder-led and family-owned businesses. Headquartered in Paris with offices across Europe and the US, the firm invests in companies with strong market positions, particularly in healthcare, software, and advanced manufacturing. Astorg works closely with management teams and avoids overleveraging, often retaining significant stakes in its portfolio companies over time. It has built a reputation for a thoughtful and independent approach to investing.",
Private Equity Internship – SAGARD NewGen,Sagard,sagard,https://www.sainoo.com/jobs/10622?utm_source=Trackr&utm_medium=tracker&utm_campaign=FR_Finance_2027,France,2027 Q1 Start,2026-06-25,,Unknown,False,True,False,"Sagard is a multi-strategy alternative asset management firm with a focus on private equity, private credit, and venture capital. Founded in 2002 and headquartered in Montreal, the firm manages capital on behalf of institutional investors, family offices, and high net worth individuals. Sagard is known for its partnership-based approach and its ability to support middle market companies through operational expertise and global networks. It operates with a collaborative philosophy and maintains a diverse investment platform that spans North America and Europe.",
Various Internships,UBS,ubs,https://jobs.ubs.com/TGnewUI/Search/home/HomeWithPreLoad?partnerid=25008&siteid=5131&PageType=searchResults#keyWordSearch=&locationSearch=,France,Unspecified Start,2026-06-02,,Unknown,False,True,False,"UBS is a global financial services firm headquartered in Zurich, offering wealth management, investment banking, asset management, and retail banking. With a particularly strong presence in global wealth management, UBS serves high-net-worth and institutional clients across Europe, the Americas, and Asia-Pacific. The firm also operates a sizeable investment banking division and is active in advisory, capital markets, and equities trading. UBS has placed increased emphasis on sustainable investing, digital innovation, and its integrated client model following its 2023 acquisition of Credit Suisse, reshaping the landscape of European banking.",
Stagiaire M&A Paris - Janvier et Mars 2027,Financière de Courcelles,financiere-de-courcelles,https://www.sainoo.com/jobs/10621?utm_source=Trackr&utm_medium=tracker&utm_campaign=FR_Finance_2027,France,2027 Q1 Start,2026-06-18,2026-07-31,Unknown,False,True,False,"Financière de Courcelles is an independent investment banking firm based in Paris that specializes in providing financial advisory services for mergers, acquisitions, and divestitures. Founded in 1990, the firm focuses primarily on mid-market transactions for family-owned businesses, private equity funds, and large corporations. It is recognized for its bespoke approach to corporate finance and its expertise in navigating complex ownership transitions. By offering dedicated support throughout the entire transaction process, the firm assists clients in achieving strategic growth and liquidity objectives across a variety of industrial and service sectors.",
Infrastructure Analyst - September 2026,Meanings Capital Partners,meanings-capital-partners,https://www.sainoo.com/jobs/9930?utm_source=Trackr&utm_medium=tracker&utm_campaign=France_Finance_2027,France,2026 Q3 Start,2026-07-02,2026-09-30,Unknown,False,True,False,"Mennings Capital Partners is a private equity firm that focuses on mid-market investments across various sectors including healthcare, technology, and business services. Based in the United States, the firm partners with management teams to drive growth through operational improvements and strategic acquisitions. They prioritize long-term value creation by identifying companies with strong market positions and scaling their capabilities. The firm is known for its hands-on approach to portfolio management and its commitment to fostering sustainable development within its target industries.",
Intern,London Stock Exchange Group,london-stock-exchange-group,https://lseg.wd3.myworkdayjobs.com/en-US/Graduate_Careers/job/Intern_R0121282-1?utm_source=Trackr&utm_medium=tracker&utm_campaign=France_Finance_2027&source=Trackr,France,Unspecified Start,2026-07-08,2026-07-15,Unknown,False,True,False,"London Stock Exchange Group (LSEG) is a global financial markets infrastructure and data provider, offering services across capital markets, analytics, indices, and post-trade operations. Headquartered in London, LSEG owns and operates the London Stock Exchange, FTSE Russell, and acquired Refinitiv in 2021 to expand its data and analytics capabilities significantly. The group plays a central role in capital raising, secondary trading, and financial data distribution, serving asset managers, banks, corporates, and governments globally. LSEG is also active in sustainable finance and ESG reporting infrastructure, supporting disclosure frameworks and green bond markets. Its integration of market operations with advanced data solutions positions it as a key player at the intersection of technology, finance, and global regulatory infrastructure.",
2026 Private Equity Internship,KKR,kkr,https://www.kkr.com/careers/student-careers/student-career-opportunities/post?gh_jid=5168817004&utm_source=Trackr&utm_medium=tracker&utm_campaign=FR_Finance_2027&gh_src=Trackr,France,2026 Q3 Start,2026-05-13,2026-06-30,Unknown,False,True,False,"KKR (Kohlberg Kravis Roberts & Co.) is a global investment firm headquartered in New York, known for its leadership in private equity and expansion into asset classes including credit, real estate, infrastructure, and insurance. Founded in 1976, KKR manages over $500 billion in assets and serves institutional investors, family offices, and sovereign wealth funds. The firm pioneered the leveraged buyout model and remains highly active in buyouts, growth equity, and platform investments across sectors and geographies. KKR also invests heavily in impact strategies and ESG-aligned portfolios, while its credit division is one of the largest non-bank lenders globally. With a global footprint and a strong operator-focused investment approach, KKR combines capital, operational expertise, and strategic partnerships to drive long-term value creation across public and private markets.",
Energy Transition Growth Equity - Investment Intern,Revaia,revaia,https://jobs.smartrecruiters.com/Revaia/744000124928899-energy-transition-growth-equity-investment-intern,France,2026 Q3 Start,2026-02-06,2026-06-30,Unknown,False,True,False,"Revaia is a Paris-based growth equity firm investing in European technology companies that combine strong financial performance with sustainable impact. Formerly known as Gaia Capital Partners, the firm focuses on software, digital platforms, and data-driven businesses with global ambitions. Revaia targets companies at the scale-up stage, providing capital and strategic support to accelerate growth and international expansion. It integrates ESG into its investment process and aims to back mission-aligned founders who are building responsible, forward-looking tech. Revaia is part of a growing cohort of firms seeking to combine financial performance with long-term societal value.",
2026 - Markets - Off-Cycle Internship,J.P. Morgan,j-p-morgan,https://jpmc.fa.oraclecloud.com/hcmUI/CandidateExperience/en/sites/CX_1001/job/210757916?utm_source=Trackr&utm_medium=tracker&utm_campaign=FR_Finance_2027&iis=Trackr&sType=Trackr,France,"2026 Q4 Start,2026 Q3 Start",2026-06-11,2026-09-30,Unknown,False,True,False,"J.P. Morgan is the investment banking and wealth management arm of JPMorgan Chase & Co., one of the largest and most influential financial institutions globally. Headquartered in New York, the firm offers services across investment banking, commercial banking, asset and wealth management, and treasury and securities services. It is a market leader in M&A advisory, capital markets, trading, and research, serving corporate clients, financial sponsors, and governments worldwide. J.P. Morgan has a long history of innovation in financial services and is known for its global reach, balance sheet strength, and ability to execute complex, cross-border transactions. The firm plays a central role in capital allocation across public and private markets and continues to invest heavily in technology, digital banking, and sustainability initiatives. With a strong presence in London and across EMEA, it is a key player in European finance as well as global capital markets.",
6-Month Off-Cycle Internship - Corporate Finance,Houlihan Lokey,houlihan-lokey,https://hl.wd1.myworkdayjobs.com/en-US/Campus/job/XMLNAME-6-Month-Off-Cycle-Internship---Corporate-Finance--M-A-_R3334?utm_source=Trackr&utm_medium=tracker&utm_campaign=FR_Finance_2027&source=Trackr,France,2027 Q1 Start,2026-06-25,,Unknown,False,True,False,"Houlihan Lokey is a global investment bank headquartered in Los Angeles, specialising in M&A advisory, capital markets, financial restructuring, and valuation services. The firm is widely recognised for its leading role in middle-market transactions and has consistently ranked as the top global M&A advisor by volume. In restructuring, Houlihan Lokey is a dominant player, often advising both creditors and debtors on high-profile bankruptcies and distressed situations. It also has one of the largest dedicated financial valuation teams globally, supporting litigation, tax, and financial reporting mandates. With offices across North America, Europe, the Middle East, and Asia-Pacific, the firm serves public and private companies, financial sponsors, and government entities. Houlihan Lokey’s sector coverage spans consumer, healthcare, tech, energy, and industrials, and it is particularly known for its rigorous analytics, high-touch advisory model, and long-term client relationships.",
2027 Off Cycle Internship,Goldman Sachs,goldman-sachs,https://higher.gs.com/campus?EXPERIENCE_LEVEL=Seasonal&LOCATION=Paris&page=1&search=2027&sort=POSTED_DATE,France,2027 Q1 Start,2026-06-02,,Unknown,False,True,False,"Goldman Sachs is one of the world’s most prestigious investment banks and financial institutions, offering a wide range of services in investment banking, asset management, global markets, consumer banking, and wealth management. Founded in 1869 and headquartered in New York, the firm serves corporations, financial institutions, governments, and individuals globally. Goldman is widely regarded for its M&A advisory, equity and debt underwriting, and institutional trading, and has been involved in many of the largest and most complex financial transactions in history. It also operates Marcus, its consumer banking platform, and has expanded into transaction banking and alternative investments. Known for its elite talent, risk culture, and thought leadership, Goldman Sachs is also increasingly focused on sustainability, digital finance, and private capital markets. It plays a key role in shaping financial innovation and global capital flows.",
"Off-Cycle Internship, M&A advisory, 2027",Macquarie Group,macquarie-group,https://recruitment.macquarie.com/en_US/careers/JobDetail?jobId=23016&source=Trackr&utm_source=Trackr&utm_medium=tracker&utm_campaign=France_Finance_2027,France,2027 Q1 Start,2026-06-29,,Unknown,False,True,False,"Macquarie Group is a global financial services firm headquartered in Sydney, Australia, offering services across asset management, banking, commodities, and capital markets. Known for its entrepreneurial culture and decentralised structure, Macquarie operates through specialised groups that manage infrastructure, green energy, real estate, and credit investments worldwide. It is one of the world’s largest infrastructure asset managers and a major player in commodity trading and energy finance. The firm’s global advisory and capital markets division supports clients with M&A, equity, and debt financing, often with a focus on complex or cross-border transactions. Macquarie has expanded significantly in Europe and North America and is recognised for combining risk discipline with innovation across sectors including renewables, tech, and transportation.",
Internship - Corporate Finance,Kepler Cheuvreux,kepler-cheuvreux,https://keplercheuvreux.teamtailor.com/jobs?utm_source=Trackr&utm_medium=tracker&utm_campaign=France_Finance_2027&split_view=true&query=internship&location=France+-+Paris,France,2027 Q1 Start,2026-05-19,2026-06-30,Unknown,False,True,False,"Kepler Cheuvreux is a leading independent European financial services company specializing in equity brokerage, financial research, and advisory services. Founded in 1997 and headquartered in Paris, the firm serves a global institutional client base, including asset managers, pension funds, and hedge funds. Kepler Cheuvreux is known for its extensive research coverage across European equities, its strong execution capabilities, and its commitment to technological innovation in financial markets. It combines deep market insights with comprehensive advisory support to help clients navigate investment opportunities.",
Investor Relations Advisory Intern,Euronext,euronext,https://hrhub.wd3.myworkdayjobs.com/Euronext_Career_Page/job/Paris/IR-Advisory-Intern_R27598?utm_source=Trackr&utm_medium=tracker&utm_campaign=FR_Finance_2027&source=Trackr,France,2026 Q3 Start,2026-06-19,,Unknown,False,True,False,"Euronext is a leading pan-European market infrastructure operator that runs stock exchanges in countries including France, the Netherlands, Belgium, Italy, and Ireland. Founded in 2000 through the merger of several national exchanges, the company provides trading services for equities, derivatives, commodities, and fixed income products. It facilitates capital raising for companies of all sizes and offers clearing and settlement services to ensure secure transactions. Euronext plays a central role in the European financial ecosystem by connecting local markets to a broad base of international investors.",
2026 Off Cycle Internship,Goldman Sachs,goldman-sachs,https://higher.gs.com/campus?EXPERIENCE_LEVEL=Seasonal&LOCATION=Paris&page=1&search=2026&sort=POSTED_DATE,France,2026 Q3 Start,2026-05-20,,Unknown,False,True,False,"Goldman Sachs is one of the world’s most prestigious investment banks and financial institutions, offering a wide range of services in investment banking, asset management, global markets, consumer banking, and wealth management. Founded in 1869 and headquartered in New York, the firm serves corporations, financial institutions, governments, and individuals globally. Goldman is widely regarded for its M&A advisory, equity and debt underwriting, and institutional trading, and has been involved in many of the largest and most complex financial transactions in history. It also operates Marcus, its consumer banking platform, and has expanded into transaction banking and alternative investments. Known for its elite talent, risk culture, and thought leadership, Goldman Sachs is also increasingly focused on sustainability, digital finance, and private capital markets. It plays a key role in shaping financial innovation and global capital flows.",
2026 - Structured Solution Sales - Off Cycle Internship,Nomura,nomura,https://nomuracampus.tal.net/vx/lang-en-GB/mobile-0/appcentre-1/brand-4/user-598163/xf-fca5e4faee1d/candidate/so/pm/1/pl/1/opp/1356-2026-Global-Markets-Structured-Solution-Sales-Off-Cycle-Internship-Paris/en-GB?utm_source=Trackr&utm_medium=tracker&utm_campaign=FR_Finance_2027,France,2026 Q3 Start,2026-06-22,,Unknown,False,True,False,"Nomura is a Japanese multinational financial services group headquartered in Tokyo, with operations in investment banking, asset management, and retail brokerage. The firm serves corporates, governments, and institutional clients globally, offering advisory, capital markets, and trading services. Nomura is a market leader in Asia and maintains a growing presence in EMEA and the Americas, with particular strengths in structured finance, macro trading, and cross-border dealmaking. It also provides a wide range of public and private market investment strategies through Nomura Asset Management. The firm blends domestic scale with international ambition, and is actively investing in digital platforms and sustainability-led finance.",
"Sales, Trading and Structuring Off Cycle Internship Programme 2026",Barclays,barclays,https://barclays.wd3.myworkdayjobs.com/en-US/External_Career_Site_Barclays/job/Sales--Trading-and-Structuring-Off-Cycle-Internship-Programme-2026-Paris_JR-0000070810,France,Unspecified Start,2026-05-20,2026-06-30,Unknown,False,True,False,"Barclays is a British multinational bank offering retail, corporate, and investment banking services across the UK and globally. With roots dating back to 1690, it has played a central role in the evolution of modern banking. Headquartered in London, the firm is a major player in global capital markets, advising on M&A, underwriting debt and equity, and providing financing solutions. Its retail and commercial divisions serve millions of customers, while its investment bank operates across Europe, the Americas, Asia, and the Middle East.",
Equity Trading Analyst Internship,Euronext,euronext,https://hrhub.wd3.myworkdayjobs.com/en-US/Euronext_Career_Page/job/Equity-Trading-Analyst-Internship_R27872?source=Trackr&utm_source=Trackr&utm_medium=tracker&utm_campaign=France_Finance_2027,France,2026 Q3 Start,2026-06-30,,Unknown,False,True,False,"Euronext is a leading pan-European market infrastructure operator that runs stock exchanges in countries including France, the Netherlands, Belgium, Italy, and Ireland. Founded in 2000 through the merger of several national exchanges, the company provides trading services for equities, derivatives, commodities, and fixed income products. It facilitates capital raising for companies of all sizes and offers clearing and settlement services to ensure secure transactions. Euronext plays a central role in the European financial ecosystem by connecting local markets to a broad base of international investors.",
2026 Internship Program,Alvarez & Marsal,alvarez-marsal,https://careers.alvarezandmarsal.com/search/jobs/within/25/miles/of/48.8575475/2.3513765?q=internship&ns_location=Paris%2C%20France,France,2026 Q3 Start,2026-03-01,,Unknown,False,True,False,"Alvarez & Marsal is an international professional services firm that advises businesses on operational, financial, and strategic change. It was founded in 1983 and is widely known for its work in restructuring, having led major corporate recovery efforts globally. Over time, the firm expanded its scope to include transaction advisory, regulatory consulting, tax services, and more. It works with corporates, private equity firms, and public institutions, often in situations where stakes are high and change needs to happen quickly.",
Off-Cycle Intern - Assistant Sell-Side Analyst,TP ICAP,tp-icap,https://tp.wd107.myworkdayjobs.com/en-US/TP-ICAP/job/Off-Cycle-Intern---Assistant-Sell-Side-Analyst--Paris-6-months-internship_R5553?utm_source=Trackr&utm_medium=tracker&utm_campaign=France_Finance_2027&source=Trackr,France,Unspecified Start,2026-07-06,,Unknown,False,True,True,"TP ICAP is a UK-based interdealer broker and market infrastructure provider, facilitating trading in financial, energy, and commodities markets. Headquartered in London, it operates through platforms such as Tullett Prebon, ICAP, and Liquidnet, connecting banks, asset managers, and institutions across OTC and exchange-traded products. TP ICAP offers voice and electronic execution, data and analytics, and post-trade services. The firm plays a central role in global market liquidity, particularly in fixed income and derivatives, and continues to invest in electronic platforms and data solutions.",
6-Month Off-Cycle Internship - Corporate Finance,Houlihan Lokey,houlihan-lokey,https://hl.wd1.myworkdayjobs.com/en-US/Campus/job/XMLNAME-6-Month-Off-Cycle-Internship---Corporate-Finance--M-A-_R3334?utm_source=Trackr&utm_medium=tracker&utm_campaign=EU_Finance_2027&source=Trackr,France,2026 Q3 Start,2026-05-22,2026-06-24,Unknown,False,True,False,"Houlihan Lokey is a global investment bank headquartered in Los Angeles, specialising in M&A advisory, capital markets, financial restructuring, and valuation services. The firm is widely recognised for its leading role in middle-market transactions and has consistently ranked as the top global M&A advisor by volume. In restructuring, Houlihan Lokey is a dominant player, often advising both creditors and debtors on high-profile bankruptcies and distressed situations. It also has one of the largest dedicated financial valuation teams globally, supporting litigation, tax, and financial reporting mandates. With offices across North America, Europe, the Middle East, and Asia-Pacific, the firm serves public and private companies, financial sponsors, and government entities. Houlihan Lokey’s sector coverage spans consumer, healthcare, tech, energy, and industrials, and it is particularly known for its rigorous analytics, high-touch advisory model, and long-term client relationships.",
Off-Cycle Intern,Millennium Management,millennium-management,https://campusjobs.mlp.com/careers/job/755956196119?utm_source=Trackr&utm_medium=tracker&utm_campaign=FR_Finance_2027&microsite=campus-site,France,2026 Q4 Start,2026-06-02,,Unknown,False,True,False,"Millennium Management is a global multi-manager hedge fund founded in 1989, operating a platform of independent investment teams across asset classes and geographies. Headquartered in New York, the firm manages over $60 billion in assets and allocates capital to hundreds of portfolio managers running diverse, often uncorrelated strategies. Millennium is known for its robust risk management, proprietary infrastructure, and intense focus on performance and discipline. The firm operates offices across the US, Europe, and Asia, and competes with other multi-manager funds such as Citadel and Point72. With a highly selective hiring process and rigorous oversight model, Millennium continues to be one of the most sought-after and closely watched firms in the hedge fund industry.",
"2026 Off-Cycle Internship, Infrastructure Real Assets",Macquarie Group,macquarie-group,https://recruitment.macquarie.com/en_US/careers/JobDetail?jobId=20304&source=Trackr&utm_source=Trackr&utm_medium=tracker&utm_campaign=France_Finance_2027,France,2026 Q3 Start,2026-01-15,,Unknown,False,True,False,"Macquarie Group is a global financial services firm headquartered in Sydney, Australia, offering services across asset management, banking, commodities, and capital markets. Known for its entrepreneurial culture and decentralised structure, Macquarie operates through specialised groups that manage infrastructure, green energy, real estate, and credit investments worldwide. It is one of the world’s largest infrastructure asset managers and a major player in commodity trading and energy finance. The firm’s global advisory and capital markets division supports clients with M&A, equity, and debt financing, often with a focus on complex or cross-border transactions. Macquarie has expanded significantly in Europe and North America and is recognised for combining risk discipline with innovation across sectors including renewables, tech, and transportation.",
Off Cycle Intern Credit Sales,RBC Capital Markets,rbc-capital-markets,https://jobs.rbc.com/ca/en/job/R-0000179245/Off-Cycle-Intern-Credit-Sales?utm_source=Trackr&utm_medium=tracker&utm_campaign=France_Finance_2027,France,2026 Q4 Start,2026-07-08,2026-07-12,Unknown,False,True,False,"RBC Capital Markets is the investment banking arm of the Royal Bank of Canada, offering a full range of capital markets, advisory, and trading services to corporate, institutional, and government clients globally. Headquartered in Toronto with major offices in New York and London, the firm advises on M&A, IPOs, debt issuance, and risk management across sectors including energy, healthcare, infrastructure, and financial services. RBC Capital Markets is also a significant player in fixed income and equities trading, supported by strong research and global execution capabilities. It maintains a top-tier position in Canada and a growing presence in US and European markets.",
Various Internships,Natixis,natixis,https://ekez.fa.em2.oraclecloud.com/hcmUI/CandidateExperience/fr/sites/CX/jobs?keyword=stage&location=Paris%2C+France&locationId=300000288741128&locationLevel=city&mode=location&radius=25&radiusUnit=MI&sType=Trackr&utm_source=Trackr&utm_medium=tracker&utm_campaign=France_Finance_2027&iis=Trackr,France,Unspecified Start,2026-06-10,,Unknown,False,True,False,"Natixis is a French financial services firm and part of Groupe BPCE, offering a wide range of services in corporate and investment banking, asset and wealth management, insurance, and payments. Headquartered in Paris, the firm supports clients globally with structured finance, M&A advisory, capital markets access, and risk management solutions. Natixis is particularly active in sectors like infrastructure, energy, and real estate, and is known for its expertise in sustainable finance and ESG-linked products. It has a strong European footprint and continues to grow internationally, with an emphasis on integrated, client-led solutions.","Consistently 10-15 open, regular new openings"
Financial Analyst - Internship,Accuracy,accuracy,https://app-accuracy.bc.direct/recruitment/career/5ee62d016b800f0fc8e70d1c/67497e3e7547b7900c737aa7,France,2027 Q1 Start,2026-05-04,,Unknown,False,True,True,"Accuracy is an independent international advisory firm founded in Paris in 2004. The company supports corporate leaders and investors with strategic guidance and expert analysis on high-stakes matters including transactions, valuations, restructuring, disputes, crises, and performance strategy. With around 80 partners and approximately 750 staff across 17 offices worldwide, Accuracy is recognized for its conflict-free, multidisciplinary approach and commitment to objectivity and tailored solutions.",
2026 - Global Markets - 6 Month Off Cycle Internship,Nomura,nomura,https://nomuracampus.tal.net/vx/lang-en-GB/mobile-0/appcentre-ext/brand-4/user-598163/xf-5eab17dcb829/candidate/jobboard/vacancy/1/adv/?f_Item_Opportunity_60426_lk=520148&f_Item_Opportunity_84825_lk=765&ftq=2026+Paris#,France,2026 Q3 Start,2026-06-02,,Unknown,False,True,False,"Nomura is a Japanese multinational financial services group headquartered in Tokyo, with operations in investment banking, asset management, and retail brokerage. The firm serves corporates, governments, and institutional clients globally, offering advisory, capital markets, and trading services. Nomura is a market leader in Asia and maintains a growing presence in EMEA and the Americas, with particular strengths in structured finance, macro trading, and cross-border dealmaking. It also provides a wide range of public and private market investment strategies through Nomura Asset Management. The firm blends domestic scale with international ambition, and is actively investing in digital platforms and sustainability-led finance.",
Off-Cycle Internship - Telecoms Team,Evercore,evercore,https://evercore.tal.net/vx/lang-en-GB/mobile-0/appcentre-1/brand-6/xf-6c359523cd08/candidate/so/pm/1/pl/2/opp/2579-Paris-Off-Cycle-Internship-Telecoms-Team-July-December-2026/en-GB,France,2026 Q3 Start,2026-06-03,2026-06-30,Unknown,False,True,False,"Evercore is a premier global independent investment banking advisory firm, known for advising on complex M&A, capital markets, restructuring, and strategic transactions. Headquartered in New York and founded in 1995, Evercore operates across major financial centres in the Americas, Europe, and Asia. The firm is consistently ranked among the top M&A advisers globally, having advised on some of the largest and most transformative deals in recent decades. Evercore focuses exclusively on advisory—without lending or trading conflicts—positioning itself as a trusted, conflict-free partner to boards, CEOs, and private equity sponsors. The firm also provides institutional equity research and sells insights through its equities division. Known for its talent density, discretion, and analytical rigour, Evercore competes with top-tier Wall Street banks while maintaining an independent, client-focused culture.",
Strategy Consulting Intern - TMT,Altman Solon,altman-solon,https://www.altmansolon.com/careers/student-opportunities?gh_jid=4308036101,France,Unspecified Start,2026-06-02,,Unknown,False,True,False,"Altman Solon is a global strategy consulting firm focused exclusively on the telecommunications, media, and technology (TMT) sectors. Formed through the 2020 merger of Altman Vilandrie & Company and Solon Management Consulting, the firm brings deep industry insight, analytical rigor, and strategic clarity to corporate and investor clients. With offices in North America, Europe, Asia, and Latin America, Altman Solon advises on growth strategy, due diligence, digital transformation, and organizational design, serving many of the world's leading TMT companies and private equity firms.",
2027 - M&A Internship,Lazard,lazard,https://icbpjb.fa.ocs.oraclecloud.com/hcmUI/CandidateExperience/en/sites/LazardStudentCareers/jobs?utm_source=Trackr&utm_medium=tracker&utm_campaign=FR_Finance_2027&iis=Trackr&sType=Trackr&keyword=%22Internship%22+AND+2027&location=France&locationId=300000000798421&locationLevel=country&mode=location,France,2027 Q1 Start,2026-06-29,,Unknown,False,True,False,"Lazard is a global financial advisory and asset management firm known for its independent, client-centric approach to M&A, restructuring, capital markets, and investment strategy. Headquartered in New York and Paris, the firm operates across more than 40 countries and serves corporations, governments, and institutional investors. Lazard’s financial advisory division is one of the most prestigious in the world, regularly advising on complex, high-value transactions, activist defence, and strategic reviews. Its asset management arm offers a broad range of strategies across equities, fixed income, and alternatives, with a strong presence in fundamental research and emerging markets. With roots dating back to the 19th century, Lazard is known for its discretion, deep bench of senior advisers, and emphasis on long-term client relationships across sectors and regions.",
Internship - Real Estate Investment,Schroders,schroders,https://ekbq.fa.em2.oraclecloud.com/hcmUI/CandidateExperience/en/sites/CX_2/jobs?keyword=internship&mode=job-location,France,2026 Q3 Start,2026-05-21,,Unknown,False,True,False,"Schroders is a UK-based global asset manager with a history dating back over 200 years. Headquartered in London, it manages assets across equities, fixed income, multi-asset, private markets, and alternatives for institutional, intermediary, and retail clients worldwide. Schroders is known for its active investment approach, global reach, and strong ESG integration across strategies. The firm has made significant investments in sustainable investing, impact solutions, and private asset capabilities, particularly through its Schroders Capital division. With operations in more than 30 countries, it plays a leading role in shaping responsible investing practices globally.",
2027 Off-Cycle Internship,Eastdil Secured,eastdil-secured,https://www.linkedin.com/jobs/view/4432347895/?utm_source=Trackr&utm_medium=tracker&utm_campaign=France_Finance_2027,France,2027 Q1 Start,2026-07-01,,Unknown,False,True,False,"Eastdil Secured is a leading real estate investment banking firm advising on complex, high-value transactions including investment sales, recapitalisations, debt placements, and joint ventures. Headquartered in New York, it serves institutional investors, REITs, developers, and sovereign wealth funds. The firm is known for its deep market intelligence, longstanding client relationships, and advisory-driven approach in sectors like office, hospitality, logistics, and multifamily. Eastdil bridges commercial real estate expertise with capital markets execution.",
Internship - Investment Team,Antin Infrastructure Partners,antin-infrastructure-partners,https://antininfrastructurepartners-1655458195.teamtailor.com/jobs/2061639-investment-internship-paris?utm_source=Trackr&utm_medium=tracker&utm_campaign=FR_Finance_2027,France,2026 Q3 Start,2026-06-19,,Unknown,False,True,False,"Antin Infrastructure Partners is a leading independent private equity firm focused on infrastructure investments. With several funds raised since its inception, Antin targets investments in energy, transportation, telecom, and social infrastructure sectors. Headquartered in Paris, the firm primarily invests in developed markets across Europe, North America, and Asia-Pacific. Antin aims to create long-term value through active portfolio management and operational improvements in essential infrastructure assets.
",
Various Internships,Kroll,kroll,https://hcxs.fa.us2.oraclecloud.com/hcmUI/CandidateExperience/en/sites/CX_1/jobs?keyword=intern&location=Paris%2C+Ile-de-France%2C+France&locationId=300000130629489&locationLevel=city&mode=location&radius=0&radiusUnit=MI,France,Unspecified Start,2026-06-02,,Unknown,False,True,False,"Kroll is a global risk and financial advisory firm headquartered in New York, providing services in investigations, compliance, cyber security, valuations, and corporate finance. Known historically for its forensic investigations and intelligence gathering, Kroll has evolved into a multidisciplinary adviser for clients navigating fraud, litigation, governance, and data risk. The firm supports corporates, governments, law firms, and financial institutions in managing reputational, operational, and financial challenges, often in high-stakes or crisis scenarios. Kroll also operates as a major provider of independent valuation and fairness opinions for transactions, tax reporting, and litigation support. With a growing presence in cyber defence and ESG advisory, Kroll continues to expand its offerings at the intersection of technology, finance, and security.",
2027 Off-cycle Internship Program,BlackRock,blackrock,https://blackrock.tal.net/vx/lang-en-GB/mobile-0/brand-3/user-1735377/xf-bce35dd61046/candidate/so/pm/1/pl/1/opp/12228-2027-Off-cycle-Internship-Program-EMEA/en-GB?utm_source=Trackr&utm_medium=tracker&utm_campaign=France_Finance_2027,France,Unspecified Start,2026-06-30,2026-09-30,Unknown,False,True,False,"BlackRock is the world’s largest asset manager, overseeing trillions in assets across index funds, ETFs, active strategies, and alternatives. Founded in 1988 and headquartered in New York, the firm serves institutional, corporate, and retail investors worldwide. Its product suite includes iShares, the world’s most widely used ETF platform, and Aladdin, its proprietary risk and portfolio management system. BlackRock plays a major role in global capital markets, with influence over long-term investment trends, ESG integration, and financial technology innovation.",
M&A Internship (January 2027),Lincoln International,lincoln-international,https://www.lincolninternational.com/greenhouse/?utm_source=Trackr&utm_medium=tracker&utm_campaign=FR_Finance_2027&gh_src=Trackr&gh_jid=7840705,France,2027 Q1 Start,2026-06-04,,Unknown,False,True,False,"Lincoln International is a global mid-market investment bank headquartered in Chicago, providing M&A advisory, debt advisory, and valuation services to private equity firms, public companies, and privately held businesses. The firm has a strong presence in both sell-side and buy-side mandates across industrials, business services, healthcare, consumer, and tech sectors. With offices across the Americas, Europe, and Asia, Lincoln operates a globally integrated model, ensuring seamless cross-border execution. It is known for its focus on founder-led and sponsor-backed companies, and often supports clients through complex sale processes, recapitalisations, and strategic growth transactions. The firm combines strong sector knowledge with execution capability and has built a reputation for consistent results in the global middle market.",
2027 - Investment Banking Off Cycle Internship,Nomura,nomura,https://nomuracampus.tal.net/vx/lang-en-GB/mobile-0/appcentre-1/brand-4/user-598163/xf-5eab17dcb829/candidate/so/pm/1/pl/1/opp/1429-2027-Investment-Banking-Off-Cycle-Internship-Paris-January-start/en-GB,France,2027 Q1 Start,2026-06-01,,Unknown,False,True,False,"Nomura is a Japanese multinational financial services group headquartered in Tokyo, with operations in investment banking, asset management, and retail brokerage. The firm serves corporates, governments, and institutional clients globally, offering advisory, capital markets, and trading services. Nomura is a market leader in Asia and maintains a growing presence in EMEA and the Americas, with particular strengths in structured finance, macro trading, and cross-border dealmaking. It also provides a wide range of public and private market investment strategies through Nomura Asset Management. The firm blends domestic scale with international ambition, and is actively investing in digital platforms and sustainability-led finance.",
2026 - M&A Internship,Lazard,lazard,https://icbpjb.fa.ocs.oraclecloud.com/hcmUI/CandidateExperience/en/sites/LazardStudentCareers/jobs?keyword=%22Internship%22+AND+2026&location=France&locationId=300000000798421&locationLevel=country&mode=location,France,2026 Q3 Start,2026-05-20,,Unknown,False,True,False,"Lazard is a global financial advisory and asset management firm known for its independent, client-centric approach to M&A, restructuring, capital markets, and investment strategy. Headquartered in New York and Paris, the firm operates across more than 40 countries and serves corporations, governments, and institutional investors. Lazard’s financial advisory division is one of the most prestigious in the world, regularly advising on complex, high-value transactions, activist defence, and strategic reviews. Its asset management arm offers a broad range of strategies across equities, fixed income, and alternatives, with a strong presence in fundamental research and emerging markets. With roots dating back to the 19th century, Lazard is known for its discretion, deep bench of senior advisers, and emphasis on long-term client relationships across sectors and regions.",
"Intern, Transactions",LaSalle,lasalle,https://jll.wd1.myworkdayjobs.com/en-US/lasallecareers/job/Intern--Transactions_REQ495616?utm_source=Trackr&utm_medium=tracker&utm_campaign=FR_Finance_2027&source=Trackr,France,Unspecified Start,2026-06-03,2026-06-30,Unknown,False,True,False,"LaSalle Investment Management is a global real estate investment manager and subsidiary of JLL, managing capital on behalf of institutional and retail investors. Headquartered in Chicago with offices worldwide, LaSalle offers strategies across core, value-add, and opportunistic real estate, as well as debt and indirect investments. The firm operates in both public and private markets and has deep capabilities across property sectors including logistics, residential, office, and retail. LaSalle is known for its research-driven investment process, disciplined risk management, and focus on long-term value creation through active asset management. ESG is fully integrated into its investment approach, and the firm is an active participant in industry sustainability initiatives. With over $80 billion in assets under management, LaSalle is one of the most prominent institutional real estate managers globally.",
2026 Sales & Trading Off-Cycle Internship,Morgan Stanley,morgan-stanley,https://morganstanley.tal.net/vx/lang-en-GB/mobile-0/brand-2/user-5764832/xf-8c119207be68/candidate/so/pm/1/pl/1/opp/19794-2026-Sales-Trading-Off-Cycle-Internship-Paris/en-GB?utm_source=Trackr&utm_medium=tracker&utm_campaign=France_Finance_2027,France,2026 Q3 Start,2026-05-20,,Unknown,False,True,False,"Morgan Stanley is a global financial services firm headquartered in New York, offering investment banking, wealth management, institutional securities, and asset management services. With a strong presence in both the US and international markets, the firm advises clients on mergers and acquisitions, IPOs, debt and equity financing, and strategic investments. Its institutional arm is active in trading, research, and capital markets, while its wealth management division, bolstered by the acquisition of E*TRADE, serves millions of clients globally. Morgan Stanley is widely regarded for its advisory work with corporates and financial sponsors, and it continues to invest in digital platforms, sustainability, and global expansion to maintain its position as one of the world’s top financial institutions.",
Off-Cycle Internship - Telecoms Team (January - June 2027),Evercore,evercore,https://evercore.tal.net/vx/lang-en-GB/mobile-0/appcentre-1/brand-6/xf-d9ef080f2534/candidate/so/pm/1/pl/2/opp/3145-Paris-Off-Cycle-Internship-Telecoms-Team-January-June-2027/en-GB?utm_source=Trackr&utm_medium=tracker&utm_campaign=France_Finance_2027,France,2027 Q1 Start,2026-07-01,,Unknown,False,True,True,"Evercore is a premier global independent investment banking advisory firm, known for advising on complex M&A, capital markets, restructuring, and strategic transactions. Headquartered in New York and founded in 1995, Evercore operates across major financial centres in the Americas, Europe, and Asia. The firm is consistently ranked among the top M&A advisers globally, having advised on some of the largest and most transformative deals in recent decades. Evercore focuses exclusively on advisory—without lending or trading conflicts—positioning itself as a trusted, conflict-free partner to boards, CEOs, and private equity sponsors. The firm also provides institutional equity research and sells insights through its equities division. Known for its talent density, discretion, and analytical rigour, Evercore competes with top-tier Wall Street banks while maintaining an independent, client-focused culture.",
Tech Growth Private Equity - Analyst Intern - September 2026,InfraVia Capital Partners,infravia-capital-partners,https://infravia.sainoo.com/jobs/10613?utm_source=Trackr&utm_medium=tracker&utm_campaign=FR_Finance_2027,France,2026 Q3 Start,2026-06-08,2026-09-01,Unknown,False,True,False,"InfraVia Capital Partners is a Paris-based private investment firm founded in 2008 that specialises in infrastructure, real assets, and growth-stage technology investments. The firm deploys large scale equity capital in sectors shaped by digital transformation, decarbonisation, urbanisation, mobility, health, and essential services. InfraVia partners closely with management teams, entrepreneurs, and industrial businesses to support strategic international expansion, operational improvement, ESG integration, and long-term value creation across Europe and beyond.",
Private Equity Internship - Astorg MidCap,Astorg,astorg,https://astorg.pinpointhq.com/en/postings/af8c3c56-c9ed-4f34-a4d2-4820cf49be37?utm_source=Trackr&utm_medium=tracker&utm_campaign=FR_Finance_2027,France,2026 Q3 Start,2026-06-01,2026-06-30,Unknown,False,True,False,"Astorg is a European private equity firm focused on backing founder-led and family-owned businesses. Headquartered in Paris with offices across Europe and the US, the firm invests in companies with strong market positions, particularly in healthcare, software, and advanced manufacturing. Astorg works closely with management teams and avoids overleveraging, often retaining significant stakes in its portfolio companies over time. It has built a reputation for a thoughtful and independent approach to investing.",
2027 Global Client Solutions - Sales Support FIBI Internship,KKR,kkr,https://www.kkr.com/careers/student-careers/student-career-opportunities/post?gh_jid=6030409004&utm_source=Trackr&utm_medium=tracker&utm_campaign=FR_Finance_2027&gh_src=Trackr,France,2027 Q1 Start,2026-06-17,,Unknown,False,True,False,"KKR (Kohlberg Kravis Roberts & Co.) is a global investment firm headquartered in New York, known for its leadership in private equity and expansion into asset classes including credit, real estate, infrastructure, and insurance. Founded in 1976, KKR manages over $500 billion in assets and serves institutional investors, family offices, and sovereign wealth funds. The firm pioneered the leveraged buyout model and remains highly active in buyouts, growth equity, and platform investments across sectors and geographies. KKR also invests heavily in impact strategies and ESG-aligned portfolios, while its credit division is one of the largest non-bank lenders globally. With a global footprint and a strong operator-focused investment approach, KKR combines capital, operational expertise, and strategic partnerships to drive long-term value creation across public and private markets.",
Private Equity - Investor Relations and ESG - Internship,InfraVia Capital Partners,infravia-capital-partners,https://www.sainoo.com/jobs/10611,France,2026 Q3 Start,2026-06-02,,Unknown,False,True,False,"InfraVia Capital Partners is a Paris-based private investment firm founded in 2008 that specialises in infrastructure, real assets, and growth-stage technology investments. The firm deploys large scale equity capital in sectors shaped by digital transformation, decarbonisation, urbanisation, mobility, health, and essential services. InfraVia partners closely with management teams, entrepreneurs, and industrial businesses to support strategic international expansion, operational improvement, ESG integration, and long-term value creation across Europe and beyond.",
6-Month Off-Cycle Internship - Capital Solutions - Debt Advisory,Houlihan Lokey,houlihan-lokey,https://hl.wd1.myworkdayjobs.com/en-US/Campus/job/XMLNAME-6-Month-Off-Cycle-Internship--July-2026-----Capital-Solutions---Debt-Advisory_R3146?utm_source=Trackr&utm_medium=tracker&utm_campaign=EU_Finance_2027&source=Trackr,France,2026 Q3 Start,2026-03-19,2026-07-09,Unknown,False,True,False,"Houlihan Lokey is a global investment bank headquartered in Los Angeles, specialising in M&A advisory, capital markets, financial restructuring, and valuation services. The firm is widely recognised for its leading role in middle-market transactions and has consistently ranked as the top global M&A advisor by volume. In restructuring, Houlihan Lokey is a dominant player, often advising both creditors and debtors on high-profile bankruptcies and distressed situations. It also has one of the largest dedicated financial valuation teams globally, supporting litigation, tax, and financial reporting mandates. With offices across North America, Europe, the Middle East, and Asia-Pacific, the firm serves public and private companies, financial sponsors, and government entities. Houlihan Lokey’s sector coverage spans consumer, healthcare, tech, energy, and industrials, and it is particularly known for its rigorous analytics, high-touch advisory model, and long-term client relationships.",
6-Month Stage - Paris,Ardian,ardian,https://ardian.wd103.myworkdayjobs.com/en-US/ArdianCareers?utm_source=Trackr&utm_medium=tracker&utm_campaign=EU_Finance_2027&source=Trackr&workerSubType=552f31e8f3561012f6082bf9d5b60000&locationCountry=54c5b6971ffb4bf0b116fe7651ec789a,France,2026 Q3 Start,2026-06-23,,Unknown,False,True,False,"Ardian is a private investment house headquartered in Paris, managing assets across private equity, infrastructure, real estate, and private credit. Originally founded in 1996 as the private equity arm of AXA, it became independent in 2013 and has since grown into one of Europe’s largest private markets investors. Ardian operates through a network of offices worldwide and backs businesses at multiple stages, from buyouts to growth investments. The firm is also active in secondaries and co-investments and has built a strong reputation around investor alignment and ESG integration.",
2027 Investment Banking Off-Cycle Internship,Morgan Stanley,morgan-stanley,https://morganstanley.tal.net/vx/lang-en-GB/mobile-0/brand-2/user-5764832/xf-27ae6f5d3480/candidate/so/pm/1/pl/1/opp/21241-2027-Investment-Banking-Off-Cycle-Internship-Paris/en-GB,France,2027 Q1 Start,2026-06-01,2026-11-30,Unknown,False,True,False,"Morgan Stanley is a global financial services firm headquartered in New York, offering investment banking, wealth management, institutional securities, and asset management services. With a strong presence in both the US and international markets, the firm advises clients on mergers and acquisitions, IPOs, debt and equity financing, and strategic investments. Its institutional arm is active in trading, research, and capital markets, while its wealth management division, bolstered by the acquisition of E*TRADE, serves millions of clients globally. Morgan Stanley is widely regarded for its advisory work with corporates and financial sponsors, and it continues to invest in digital platforms, sustainability, and global expansion to maintain its position as one of the world’s top financial institutions.",
Intern Trainee - Primary Ratings Structured Finance,Scope Group,scope-group,https://careers.scopegroup.com/job/Intern-Trainee-Primary-Ratings-Structured-Finance/928-en_GB,France,Unspecified Start,2026-06-03,2026-06-30,Unknown,False,True,False,"Scope Group is a leading European provider of independent credit ratings, research, and data services. Founded in 2002 and based in Berlin, Germany, it specialises in assessing financial institutions, corporate issuers, project finance, and structured finance, serving investors and market participants with transparent insights. Scope is known for its distinct European perspective, commitment to methodological transparency, and efforts to promote competition in the rating industry. It combines rigorous analytical frameworks with in depth market knowledge to deliver unbiased opinions and enhance financial market stability.",
Intern - Front-Office Credit Analyst - Maritime Structured Finance,SMBC,smbc,https://careersemea.smbcgroup.com/job/Paris-Intern-Front-Office-Credit-Analyst-Maritime-Structured-Finance-J-75008/1376423033/?utm_source=Trackr&utm_medium=tracker&utm_campaign=France_Finance_2027,France,2026 Q3 Start,2026-06-03,2026-06-30,Unknown,False,True,True,"Sumitomo Mitsui Banking Corporation (SMBC) is a major Japanese bank and part of the SMBC Group, offering a broad range of corporate, investment, and retail banking services. Headquartered in Tokyo, SMBC has a global presence, particularly in Asia, the Americas, and EMEA. The bank provides services in project finance, trade finance, syndicated lending, and capital markets, with a strong reputation in infrastructure and energy financing. It works with multinational corporates, financial institutions, and public sector entities, and has expanded its footprint in sustainable finance, ESG advisory, and cross-border investment solutions.",
Long-Term Internship 2027,Rothschild & Co.,rothschild-co,https://rothschildandco.tal.net/vx/lang-en-GB/mobile-0/appcentre-ext/brand-4/xf-d6704325bf37/candidate/jobboard/vacancy/2/adv/?f_Item_Opportunity_78763_lk=523244&f_Item_Opportunity_60426_lk=520145,France,2027 Q1 Start,2026-05-25,,Unknown,False,True,False,"Rothschild & Co. is a multinational financial advisory group with deep roots in European banking, offering services in M&A, wealth management, and asset management. Headquartered in Paris and London, the firm is especially renowned for its independent M&A advisory, supporting corporates, governments, and institutions on high-profile, often cross-border, transactions. It also advises families and entrepreneurs through its private wealth arm and manages funds for institutional clients. Known for discretion, relationship depth, and long-term perspective, Rothschild & Co. operates with a global footprint while preserving a culture of stability and trust rooted in its family heritage.",
